{"properties": [
  {
    "name": "stripe.api-key",
    "type": "java.lang.String",
    "description": "A description for 'stripe.api-key'"
  },
  {
    "name": "stripe.success-url",
    "type": "java.lang.String",
    "description": "A description for 'stripe.success-url'"
  },
  {
    "name": "stripe.cancel-url",
    "type": "java.lang.String",
    "description": "A description for 'stripe.cancel-url'"
  },
  {
    "name": "stripe.webhook-secret",
    "type": "java.lang.String",
    "description": "A description for 'stripe.webhook-secret'"
  }
]}